,,,,,,,
,,,,,,,
,Plant name,Climate,How,region,soil,uses,who
,Aloe vera,"Aloe vera is native to the Arabian Peninsula but can thrive in a variety of climates. It prefers warm, arid or semi-arid regions with plenty of sunlight. Aloe vera is well-suited for hot and dry climates and can tolerate high temperatures. It doesn't do well in cold or frost-prone areas.","If you want to grow Aloe vera at home, follow these steps:

Container: Plant Aloe vera in a well-draining pot or container with a drainage hole to prevent water from accumulating at the root level.

Soil: Use a cactus or succulent potting mix or create your own mix with a combination of regular potting soil and perlite or sand to improve drainage.

Sunlight: Place your Aloe vera in a location that receives bright, indirect sunlight. It can tolerate some direct sunlight, but be cautious about intense, scorching sun.

Watering: Aloe vera is drought-tolerant and should be allowed to dry out between waterings. Water the plant sparingly, making sure the soil dries out before the next watering. Overwatering can lead to root rot.

Temperature: Keep your Aloe vera in a warm environment, as it prefers temperatures between 59-77°F (15-25°C).

Fertilization: Fertilize sparingly with a diluted, balanced liquid fertilizer during the growing season (spring and summer) but avoid over-fertilizing.

Propagation: Aloe vera can be propagated by removing offsets or pups that grow at the base of mature plants.","Aloe vera is cultivated in various regions of India. It is commonly grown in states like Rajasthan, Gujarat, Andhra Pradesh, Tamil Nadu, and Maharashtra due to their warm and dry climate conditions.","Aloe vera prefers well-draining sandy or loamy soil. It can tolerate a range of soil types but does not do well in waterlogged or heavy clay soils, as these can lead to root rot. Good drainage is essential for successful aloe vera cultivation.","Aloe vera has a long history of use in Ayurvedic medicine. Some traditional Ayurvedic uses of Aloe vera include treating skin conditions, promoting digestion, managing diabetes, and providing relief from inflammatory conditions. It is also used topically for wound healing and skincare.","While Aloe vera is generally considered safe for external use and has a reputation for soothing and healing skin, some individuals may be sensitive or allergic to it. It's recommended to perform a patch test before using Aloe vera products on the skin to ensure there is no adverse reaction.

Ingesting Aloe vera, particularly in high doses, can have laxative effects and may not be suitable for everyone. Pregnant or breastfeeding women, individuals with a history of gastrointestinal issues, or those taking certain medications should exercise caution and consult a healthcare professional before using Aloe vera internally. Always use Aloe vera products as directed and in moderation."
,Neem,Neem is a hardy tree that can thrive in various climates. It is most commonly found in tropical and subtropical regions. Neem trees can withstand high temperatures and grow well in regions with average annual temperatures between 21°C to 32°C (70°F to 90°F). They can also tolerate dry conditions and are drought-resistant.,"If you want to grow a neem tree at home, here's how you can do it:

1. Obtain neem seeds or saplings from a local nursery or reliable source.
2. Plant the seeds or saplings in a well-drained pot or directly in the ground.
3. Ensure the soil is sandy or loamy and moderately fertile.
4. Water the tree regularly, especially during the initial growth phase.
5. Neem trees require full sun, so place them in a sunny spot.
6. Prune the tree as needed to shape it and remove dead or diseased branches.
7. Neem trees are relatively low-maintenance and can grow well with minimal care.","Neem is native to the Indian subcontinent and is widely distributed across India. It can be found in many states, including Gujarat, Maharashtra, Karnataka, Andhra Pradesh, Tamil Nadu, and Rajasthan, among others.","Neem trees can grow in a wide range of soil types, but they prefer well-drained, sandy or loamy soils. They are tolerant of slightly alkaline to slightly acidic soil conditions. Neem trees can even grow in poor, degraded soils and are often used in reforestation and soil improvement projects.","Neem has a long history of use in traditional Ayurvedic medicine. It is known for its numerous medicinal properties, including being an antiseptic, anti-inflammatory, and antimicrobial agent. Some common Ayurvedic uses of neem include:

1. Treating skin conditions such as acne, eczema, and psoriasis.
2. Dental care, where neem twigs are used as natural toothbrushes.
3. Supporting digestive health.
4. Managing diabetes.
5. Enhancing the immune system.
6. Acting as a natural insect repellent.","While neem has many beneficial properties, there are some precautions to consider:

1. Pregnant or breastfeeding women should use neem with caution, as excessive consumption may have contraceptive effects.
2. Individuals with existing liver or kidney conditions should avoid neem supplements or consult a healthcare professional before use.
3. Excessive consumption of neem oil can lead to toxicity, so it should be used in moderation.
4. Always consult a qualified healthcare practitioner or Ayurvedic expert before using neem for medicinal purposes, especially if you have specific health concerns or are taking other medications."
,Mango,"Mango trees thrive in tropical and subtropical climates. They require a warm climate with a distinct dry period to set fruit properly. The ideal temperature range for mango cultivation is between 30°C to 40°C (86°F to 104°F). Mango trees can tolerate some degree of humidity, but they perform best in areas with a pronounced dry season, as this helps in flowering and fruiting.","You can grow mango trees at home by following these steps:

1. Obtain a mango seed (pit) from a ripe fruit.
2. Clean and remove the husk from the seed, leaving the inner kernel.
3. Plant the seed in a pot or directly in the ground, about an inch deep.
4. Water the seed regularly, but avoid overwatering.
5. Provide full sunlight for the growing tree.
6. Transplant to a larger container or into the ground once the tree has grown to a manageable size.
7.Prune the tree to encourage a bushy growth habit.
8. Mango trees typically take a few years to start bearing fruit.","Mangoes are extensively grown in various regions of India. Some of the prominent mango-producing states in India include:

1. Maharashtra
2. Uttar Pradesh
3. Andhra Pradesh
4. Karnataka
5. Bihar
6. Gujarat
7. Tamil Nadu
8. West Bengal
9. Punjab
10. Haryana","Mango trees are adaptable to a range of soil types, but they prefer well-draining soil with good fertility. Sandy loam or loamy soils are ideal for mango cultivation. The soil should have a pH level between 5.5 and 7.5. Proper soil drainage is essential to avoid waterlogged conditions, which can be detrimental to mango trees.","Mango has a history of use in Ayurvedic medicine for various purposes. It is believed to have cooling properties and is used to balance excess heat in the body. Ayurvedic texts suggest that mango can be beneficial for:

1. Aiding digestion
2. Reducing body heat
3. Alleviating constipation
4. Promoting healthy skin
5. Boosting the immune system
6. Providing energy and nutrition","While mango is generally safe for consumption, there are a few considerations:

1. Some people may be allergic to mango, which can result in skin reactions or digestive discomfort.
2. Excessive consumption of unripe mangoes can lead to stomach issues like diarrhea.
3. Diabetics should consume mangoes in moderation due to their high sugar content.
4. People with latex allergies may be more likely to have cross-reactions with mango."
,Tulsi,Tulsi is a warm-weather plant that thrives in tropical and subtropical climates. It prefers temperatures between 70°F and 95°F (20°C to 35°C) and requires plenty of sunlight. It is sensitive to frost and cannot survive in cold or freezing conditions.,"1. Choose a sunny spot in your garden or balcony with at least 6-8 hours of sunlight.
2. Prepare the soil by adding organic matter and ensuring good drainage.
3. Sow Tulsi seeds or transplant young seedlings.
4. Water regularly, but be cautious not to overwater, as Tulsi prefers slightly dry conditions.
5. Prune the plant regularly to encourage bushy growth.
6. Protect it from frost or extreme cold.","Tulsi is native to the Indian subcontinent and is widely cultivated throughout India. It can be found in almost every region of the country, from the plains to the foothills of the Himalayas. It is also grown in other countries with similar climates, such as Sri Lanka, Nepal, and some Southeast Asian nations.","Tulsi is adaptable and can grow in a variety of soil types, but it prefers well-drained, loamy soil with good organic content. The soil should be slightly acidic to neutral (pH 6-7). Good drainage is essential to prevent waterlogging, which can lead to root rot.","Tulsi has been used in Ayurvedic medicine for centuries and is believed to have various health benefits. Some of its traditional uses include:

1. Supporting the respiratory system, including treating coughs and asthma.
2. Promoting digestion and relieving digestive issues.
3. Reducing stress and anxiety.
4. Enhancing immunity and protecting against infections.
5. Acting as an adaptogen to help the body cope with stress.","While Tulsi is generally considered safe, there are a few precautions to keep in mind:

1. Pregnant and breastfeeding women should consult a healthcare professional before using Tulsi in large amounts.
2. If you are taking medications, especially blood-thinning drugs or medications for diabetes, consult with a healthcare provider, as Tulsi may interact with certain medications.
3. Excessive consumption of Tulsi, such as in the form of large quantities of Tulsi tea or supplements, should be avoided, as it can have mild blood-thinning effects and may lower blood sugar levels.
5. Some individuals may be allergic to Tulsi, so it's a good idea to start with small amounts and monitor for any adverse reactions."